cold_ms,warm_mean_ms,warm_p95_ms,speedup_factor,label
219.25679999912973,219.94763000038802,234.6724000017275,0.9968591159574801,Converter (Cirq Bell)
205.46660000036354,1701.5556899998046,6521.3057000000845,0.12075220411997631,Simulator (statevector)
