endpoint,n,p50_ms,p90_ms,p95_ms,p99_ms,min_ms,max_ms,mean_ms,std_ms,error_rate
GET /api/health,20,202.84299999912037,218.11290000187,218.95409999706317,218.95409999706317,184.9088999988453,218.95409999706317,202.30969499971252,12.016938102667277,0.0
POST /api/auth/login,20,211.52834999884362,217.7633000028436,251.62389999968582,251.62389999968582,191.0686999981408,251.62389999968582,209.44042499995703,13.2918278121576,1.0
POST /api/converter/convert (Cirq Bell),20,240.88324999866018,271.5329999991809,299.2579999990994,299.2579999990994,191.43160000021453,299.2579999990994,237.33402999969258,32.46935618047197,0.15
POST /api/converter/convert (Qiskit Bell),20,211.79044999917096,263.68729999740026,265.80590000230586,265.80590000230586,193.0060999984562,265.80590000230586,215.36651499991422,19.90011224199586,1.0
POST /api/converter/convert (PennyLane Bell),20,213.17480000107025,234.48179999832064,237.72249999819905,237.72249999819905,188.9195000003383,237.72249999819905,209.7572599999694,13.649163593548504,1.0
POST /api/simulator/simulate (statevector 2q),20,205.16920000045502,235.20440000356757,247.71610000243527,247.71610000243527,187.17599999945378,247.71610000243527,207.695005000096,18.47821872832221,1.0
GET /api/projects,20,216.96895000059158,234.44050000034622,246.11560000266763,246.11560000266763,200.86520000040764,246.11560000266763,216.42242000034457,10.857401298146845,0.0
