framework,S_compile_speed,S_scalability,S_accuracy,S_capacity,S_overall
qiskit,2.8423141421620044,3.9120176410855407,9.411105857895139,8,58.800192838734326
cirq,2.8408375307333285,3.9120176410855407,9.411105857895139,8,58.78733811978649
pennylane,2.5557395272640693,-0.8960438841600916,9.184771609984812,2,9.281658355102428
